Embodied Question Answering,https://arxiv.org/abs/arXiv:1711.11543
Learning by Asking Questions,https://arxiv.org/abs/arXiv:1806.08554
Learning Face Age Progression: A Pyramid Architecture of GANs,https://arxiv.org/abs/arXiv:1711.10352
GANerated Hands for Real-Time 3D Hand Tracking From Monocular RGB,https://arxiv.org/abs/arXiv:1712.01057
Learning Pose Specific Representations by Predicting Different Views,https://arxiv.org/abs/arXiv:1804.03390
Weakly and Semi Supervised Human Body Part Parsing via Pose-Guided Knowledge Transfer,https://arxiv.org/abs/arXiv:1805.04310
Person Transfer GAN to Bridge Domain Gap for Person Re-Identification,https://arxiv.org/abs/arXiv:1711.08565
Cross-Modal Deep Variational Hand Pose Estimation,https://arxiv.org/abs/arXiv:1803.11404
Disentangled Person Image Generation,https://arxiv.org/abs/arXiv:1712.02621
Super-FAN: Integrated Facial Landmark Localization and Super-Resolution of Real-World Low Resolution Faces in Arbitrary Poses With GANs,https://arxiv.org/abs/arXiv:1712.02765
Rotation Averaging and Strong Duality,https://arxiv.org/abs/arXiv:1705.01362
Single View Stereo Matching,https://arxiv.org/abs/arXiv:1803.02612
Deep Depth Completion of a Single RGB-D Image,https://arxiv.org/abs/arXiv:1803.09326
PPFNet: Global Context Aware Local Features for Robust 3D Point Matching,https://arxiv.org/abs/arXiv:1802.02669
FoldingNet: Point Cloud Auto-Encoder via Deep Grid Deformation,https://arxiv.org/abs/arXiv:1712.07262
LEGO: Learning Edge With Geometry All at Once by Watching Videos,https://arxiv.org/abs/arXiv:1803.05648
Five-Point Fundamental Matrix Estimation for Uncalibrated Cameras,https://arxiv.org/abs/arXiv:1803.00260
PointFusion: Deep Sensor Fusion for 3D Bounding Box Estimation,https://arxiv.org/abs/arXiv:1711.10871
Scalable Dense Non-Rigid Structure-From-Motion: A Grassmannian Perspective,https://arxiv.org/abs/arXiv:1803.00233
Real-Time Seamless Single Shot 6D Object Pose Prediction,https://arxiv.org/abs/arXiv:1711.08848
Spline Error Weighting for Robust Visual-Inertial Fusion,https://arxiv.org/abs/arXiv:1804.04820
Unsupervised Learning of Monocular Depth Estimation and Visual Odometry With Deep Feature Reconstruction,https://arxiv.org/abs/arXiv:1803.03893
Detect-and-Track: Efficient Pose Estimation in Videos,https://arxiv.org/abs/arXiv:1712.09184
Supervision-by-Registration: An Unsupervised Approach to Improve the Precision of Facial Landmark Detectors,https://arxiv.org/abs/arXiv:1807.00966
Diversity Regularized Spatiotemporal Attention for Video-Based Person Re-Identification,https://arxiv.org/abs/arXiv:1803.09882
Style Aggregated Network for Facial Landmark Detection,https://arxiv.org/abs/arXiv:1803.04108
Learning Deep Models for Face Anti-Spoofing: Binary or Auxiliary Supervision,https://arxiv.org/abs/arXiv:1803.11097
First-Person Hand Action Benchmark With RGB-D Videos and 3D Hand Pose Annotations,https://arxiv.org/abs/arXiv:1704.02463
A Pose-Sensitive Embedding for Person Re-Identification With Expanded Cross Neighborhood Re-Ranking,https://arxiv.org/abs/arXiv:1711.10378
Disentangling 3D Pose in a Dendritic CNN for Unconstrained 2D Face Alignment,https://arxiv.org/abs/arXiv:1802.06713
Learning to Estimate 3D Human Pose and Shape From a Single Color Image,https://arxiv.org/abs/arXiv:1805.04092
Glimpse Clouds: Human Activity Recognition From Unstructured Feature Points,https://arxiv.org/abs/arXiv:1802.07898
Context-Aware Deep Feature Compression for High-Speed Visual Tracking,https://arxiv.org/abs/arXiv:1803.10537
Correlation Tracking via Joint Discrimination and Reliability Learning,https://arxiv.org/abs/arXiv:1804.08965
PhaseNet for Video Frame Interpolation,https://arxiv.org/abs/arXiv:1804.00884
End-to-End Flow Correlation Tracking With Spatial-Temporal Attention,https://arxiv.org/abs/arXiv:1711.01124
Deep Texture Manifold for Ground Terrain Recognition,https://arxiv.org/abs/arXiv:1803.10896
The Unreasonable Effectiveness of Deep Features as a Perceptual Metric,https://arxiv.org/abs/arXiv:1801.03924
Local Descriptors Optimized for Average Precision,https://arxiv.org/abs/arXiv:1804.05312
Recovering Realistic Texture in Image Super-Resolution by Deep Spatial Feature Transform,https://arxiv.org/abs/arXiv:1804.02815
Deep Extreme Cut: From Extreme Points to Object Segmentation,https://arxiv.org/abs/arXiv:1711.09081
Intrinsic Image Transformation via Scale Space Decomposition,https://arxiv.org/abs/arXiv:1805.10253
PAD-Net: Multi-Tasks Guided Prediction-and-Distillation Network for Simultaneous Depth Estimation and Scene Parsing,https://arxiv.org/abs/arXiv:1805.04409
Multi-Image Semantic Matching by Mining Consistent Features,https://arxiv.org/abs/arXiv:1711.07641
Density-Aware Single Image De-Raining Using a Multi-Stream Dense Network,https://arxiv.org/abs/arXiv:1802.07412
Joint Cuts and Matching of Partitions in One Graph,https://arxiv.org/abs/arXiv:1711.09584
Fast and Accurate Single Image Super-Resolution via Information Distillation Network,https://arxiv.org/abs/arXiv:1803.09454
Hallucinated-IQA: No-Reference Image Quality Assessment via Adversarial Learning,https://arxiv.org/abs/arXiv:1804.01681
NAG: Network for Adversary Generation,https://arxiv.org/abs/arXiv:1712.03390
Dynamic-Structured Semantic Propagation Network,https://arxiv.org/abs/arXiv:1803.06067
Cross-Domain Self-Supervised Multi-Task Feature Learning Using Synthetic Imagery,https://arxiv.org/abs/arXiv:1711.09082
Decorrelated Batch Normalization,https://arxiv.org/abs/arXiv:1804.08450
Learning to Sketch With Shortcut Cycle Consistency,https://arxiv.org/abs/arXiv:1805.00247
Towards a Mathematical Understanding of the Difficulty in Learning With Feedforward Neural Networks,https://arxiv.org/abs/arXiv:1611.05827
Modulated Convolutional Networks,https://arxiv.org/abs/arXiv:1804.00227
Learning Steerable Filters for Rotation Equivariant CNNs,https://arxiv.org/abs/arXiv:1711.07289
Efficient Interactive Annotation of Segmentation Datasets With Polygon-RNN++,https://arxiv.org/abs/arXiv:1803.09693
SplineCNN: Fast Geometric Deep Learning With Continuous B-Spline Kernels,https://arxiv.org/abs/arXiv:1711.08920
GAGAN: Geometry-Aware Generative Adversarial Networks,https://arxiv.org/abs/arXiv:1712.00684
On the Robustness of Semantic Segmentation Models to Adversarial Attacks,https://arxiv.org/abs/arXiv:1711.09856
Feedback-Prop: Convolutional Neural Network Inference Under Partial Evidence,https://arxiv.org/abs/arXiv:1710.08049
Frustum PointNets for 3D Object Detection From RGB-D Data,https://arxiv.org/abs/arXiv:1711.08488
Towards Faster Training of Global Covariance Pooling Networks by Iterative Matrix Square Root Normalization,https://arxiv.org/abs/arXiv:1712.01034
Recurrent Scene Parsing With Perspective Understanding in the Loop,https://arxiv.org/abs/arXiv:1705.07238
Learning to Act Properly: Predicting and Explaining Affordances From Images,https://arxiv.org/abs/arXiv:1712.07576
Pointwise Convolutional Neural Networks,https://arxiv.org/abs/arXiv:1712.05245
Image-Image Domain Adaptation With Preserved Self-Similarity and Domain-Dissimilarity for Person Re-Identification,https://arxiv.org/abs/arXiv:1711.07027
A Generative Adversarial Approach for Zero-Shot Learning From Noisy Texts,https://arxiv.org/abs/arXiv:1712.01381
Transductive Unbiased Embedding for Zero-Shot Learning,https://arxiv.org/abs/arXiv:1803.11320
Hierarchical Novelty Detection for Visual Object Recognition,https://arxiv.org/abs/arXiv:1804.00722
Zero-Shot Visual Recognition Using Semantics-Preserving Adversarial Embedding Networks,https://arxiv.org/abs/arXiv:1712.01928
Learning Rich Features for Image Manipulation Detection,https://arxiv.org/abs/arXiv:1805.04953
Human Semantic Parsing for Person Re-Identification,https://arxiv.org/abs/arXiv:1804.00216
R-FCN-3000 at 30fps: Decoupling Detection and Classification,https://arxiv.org/abs/arXiv:1712.01802
CSRNet: Dilated Convolutional Neural Networks for Understanding the Highly Congested Scenes,https://arxiv.org/abs/arXiv:1802.10062
Revisiting Knowledge Transfer for Training Object Class Detectors,https://arxiv.org/abs/arXiv:1708.06128
Deep Sparse Coding for Invariant Multimodal Halle Berry Neurons,https://arxiv.org/abs/arXiv:1711.07998
Rethinking the Faster R-CNN Architecture for Temporal Action Localization,https://arxiv.org/abs/arXiv:1804.07667
Video Representation Learning Using Discriminative Pooling,https://arxiv.org/abs/arXiv:1803.10628
Blazingly Fast Video Object Segmentation With Pixel-Wise Metric Learning,https://arxiv.org/abs/arXiv:1804.03131
Learning to Compare: Relation Network for Few-Shot Learning,https://arxiv.org/abs/arXiv:1711.06025
COCO-Stuff: Thing and Stuff Classes in Context,https://arxiv.org/abs/arXiv:1612.03716
Image Generation From Scene Graphs,https://arxiv.org/abs/arXiv:1804.01622
Learning to Look Around: Intelligently Exploring Unseen Environments for Unknown Tasks,https://arxiv.org/abs/arXiv:1709.00507
Multi-Scale Location-Aware Kernel Representation for Object Detection,https://arxiv.org/abs/arXiv:1804.00428
Compare and Contrast: Learning Prominent Visual Differences,https://arxiv.org/abs/arXiv:1804.00112
Multi-Evidence Filtering and Fusion for Multi-Label Classification,https://arxiv.org/abs/arXiv:1802.09129
MAttNet: Modular Attention Network for Referring Expression Comprehension,https://arxiv.org/abs/arXiv:1801.08186
AttnGAN: Fine-Grained Text to Image Generation With Attentional Generative Adversarial Networks,https://arxiv.org/abs/arXiv:1711.10485
Adversarial Complementary Learning for Weakly Supervised Object Localization,https://arxiv.org/abs/arXiv:1804.06962
Weakly-Supervised Semantic Segmentation by Iteratively Mining Common Object Features,https://arxiv.org/abs/arXiv:1806.04659
DeepVoting: A Robust and Explainable Deep Network for Semantic Part Detection Under Partial Occlusion,https://arxiv.org/abs/arXiv:1709.04577
Optical Flow Guided Feature: A Fast and Robust Motion Representation for Video Action Recognition,https://arxiv.org/abs/arXiv:1711.11152
Appearance-and-Relation Networks for Video Classification,https://arxiv.org/abs/arXiv:1711.09125
Excitation Backprop for RNNs,https://arxiv.org/abs/arXiv:1711.06778
Scalable and Effective Deep CCA via Soft Decorrelation,https://arxiv.org/abs/arXiv:1707.09669
Edit Probability for Scene Text Recognition,https://arxiv.org/abs/arXiv:1805.03384
Global Versus Localized Generative Adversarial Nets,https://arxiv.org/abs/arXiv:1711.06020
MoCoGAN: Decomposing Motion and Content for Video Generation,https://arxiv.org/abs/arXiv:1707.04993
Recurrent Residual Module for Fast Inference in Videos,https://arxiv.org/abs/arXiv:1802.09723
Improving Landmark Localization With Semi-Supervised Learning,https://arxiv.org/abs/arXiv:1709.01591
Adversarial Data Programming: Using GANs to Relax the Bottleneck of Curated Labeled Data,https://arxiv.org/abs/arXiv:1803.05137
Stochastic Variational Inference With Gradient Linearization,https://arxiv.org/abs/arXiv:1803.10586
Multi-Label Zero-Shot Learning With Structured Knowledge Graphs,https://arxiv.org/abs/arXiv:1711.06526
MorphNet: Fast & Simple Resource-Constrained Structure Learning of Deep Networks,https://arxiv.org/abs/arXiv:1711.06798
Towards Human-Machine Cooperation: Self-Supervised Sample Mining for Object Detection,https://arxiv.org/abs/arXiv:1803.09867
Discrete-Continuous ADMM for Transductive Inference in Higher-Order MRFs,https://arxiv.org/abs/arXiv:1705.05020
Generating a Fusion Image: One's Identity and Another's Shape,https://arxiv.org/abs/arXiv:1804.07455
Image Super-Resolution via Dual-State Recurrent Networks,https://arxiv.org/abs/arXiv:1805.02704
Deep Back-Projection Networks for Super-Resolution,https://arxiv.org/abs/arXiv:1803.02735
Compassionately Conservative Balanced Cuts for Image Segmentation,https://arxiv.org/abs/arXiv:1803.09903
Context-Aware Synthesis for Video Frame Interpolation,https://arxiv.org/abs/arXiv:1803.10967
HATS: Histograms of Averaged Time Surfaces for Robust Event-Based Object Classification,https://arxiv.org/abs/arXiv:1803.07913
Defense Against Adversarial Attacks Using High-Level Representation Guided Denoiser,https://arxiv.org/abs/arXiv:1712.02976
Stacked Conditional Generative Adversarial Networks for Jointly Learning Shadow Detection and Shadow Removal,https://arxiv.org/abs/arXiv:1712.02478
Image Correction via Deep Reciprocating HDR Transformation,https://arxiv.org/abs/arXiv:1804.04371
PieAPP: Perceptual Image-Error Assessment Through Pairwise Preference,https://arxiv.org/abs/arXiv:1806.02067
Normalized Cut Loss for Weakly-Supervised CNN Segmentation,https://arxiv.org/abs/arXiv:1804.01346
ISTA-Net: Interpretable Optimization-Inspired Deep Network for Image Compressive Sensing,https://arxiv.org/abs/arXiv:1706.07929
Fast End-to-End Trainable Guided Filter,https://arxiv.org/abs/arXiv:1803.05619
Learning a Discriminative Feature Network for Semantic Segmentation,https://arxiv.org/abs/arXiv:1804.09337
Deformable Shape Completion With Graph Convolutional Autoencoders,https://arxiv.org/abs/arXiv:1712.00268
Learning From Millions of 3D Scans for Large-Scale 3D Face Recognition,https://arxiv.org/abs/arXiv:1711.05942
Matryoshka Networks: Predicting 3D Geometry via Nested Shape Layers,https://arxiv.org/abs/arXiv:1804.10975
Triplet-Center Loss for Multi-View 3D Object Retrieval,https://arxiv.org/abs/arXiv:1803.06189
End-to-End Learning of Keypoint Detector and Descriptor for Pose Invariant 3D Matching,https://arxiv.org/abs/arXiv:1802.07869
GeoNet: Unsupervised Learning of Dense Depth,https://arxiv.org/abs/arXiv:1803.02276
Radially-Distorted Conjugate Translations,https://arxiv.org/abs/arXiv:1711.11339
Deep Ordinal Regression Network for Monocular Depth Estimation,https://arxiv.org/abs/arXiv:1806.02446
Analytical Modeling of Vanishing Points and Curves in Catadioptric Cameras,https://arxiv.org/abs/arXiv:1804.09460
Learning Depth From Monocular Videos Using Direct Methods,https://arxiv.org/abs/arXiv:1712.00175
MegaDepth: Learning Single-View Depth Prediction From Internet Photos,https://arxiv.org/abs/arXiv:1804.00607
LayoutNet: Reconstructing the 3D Room Layout From a Single RGB Image,https://arxiv.org/abs/arXiv:1803.08999
CBMV: A Coalesced Bidirectional Matching Volume for Disparity Estimation,https://arxiv.org/abs/arXiv:1804.01967
Zoom and Learn: Generalizing Deep Stereo Matching to Novel Domains,https://arxiv.org/abs/arXiv:1803.06641
Exploring Disentangled Feature Representation Beyond Face Identification,https://arxiv.org/abs/arXiv:1804.03487
Multi-Level Factorisation Net for Person Re-Identification,https://arxiv.org/abs/arXiv:1803.09132
Attention-Aware Compositional Network for Person Re-Identification,https://arxiv.org/abs/arXiv:1805.03344
Look at Boundary: A Boundary-Aware Face Alignment Algorithm,https://arxiv.org/abs/arXiv:1805.10483
A Causal And-Or Graph Model for Visibility Fluent Reasoning in Tracking Interacting Objects,https://arxiv.org/abs/arXiv:1709.05437
Non-Linear Temporal Subspace Representations for Activity Recognition,https://arxiv.org/abs/arXiv:1803.11064
Unifying Identification and Context Learning for Person Recognition,https://arxiv.org/abs/arXiv:1806.03084
Jointly Optimize Data Augmentation and Network Training: Adversarial Data Augmentation in Human Pose Estimation,https://arxiv.org/abs/arXiv:1805.09707
Wing Loss for Robust Facial Landmark Localisation With Convolutional Neural Networks,https://arxiv.org/abs/arXiv:1711.06753
Social GAN: Socially Acceptable Trajectories With Generative Adversarial Networks,https://arxiv.org/abs/arXiv:1803.10892
Deep Group-Shuffling Random Walk for Person Re-Identification,https://arxiv.org/abs/arXiv:1807.11178
Transferable Joint Attribute-Identity Deep Learning for Unsupervised Person Re-Identification,https://arxiv.org/abs/arXiv:1803.09786
Harmonious Attention Network for Person Re-Identification,https://arxiv.org/abs/arXiv:1802.08122
Real-Time Rotation-Invariant Face Detection With Progressive Calibration Networks,https://arxiv.org/abs/arXiv:1804.06039
Deep Regression Forests for Age Estimation,https://arxiv.org/abs/arXiv:1712.07195
Memory Based Online Learning of Deep Representations From Video Streams,https://arxiv.org/abs/arXiv:1711.07368
Efficient and Deep Person Re-Identification Using Multi-Level Similarity,https://arxiv.org/abs/arXiv:1803.11353
A Perceptual Measure for Deep Single Image Camera Calibration,https://arxiv.org/abs/arXiv:1712.01259
Learning to Generate Time-Lapse Videos Using Multi-Stage Dynamic Generative Adversarial Networks,https://arxiv.org/abs/arXiv:1709.07592
A Weighted Sparse Sampling and Smoothing Frame Transition Approach for Semantic Fast-Forward First-Person Videos,https://arxiv.org/abs/arXiv:1802.08722
Deep Layer Aggregation,https://arxiv.org/abs/arXiv:1707.06484
Convolutional Neural Networks With Alternately Updated Clique,https://arxiv.org/abs/arXiv:1802.10419
Practical Block-Wise Neural Network Architecture Generation,https://arxiv.org/abs/arXiv:1708.05552
xUnit: Learning a Spatial Activation Function for Efficient Image Restoration,https://arxiv.org/abs/arXiv:1711.06445
Crafting a Toolchain for Image Restoration by Deep Reinforcement Learning,https://arxiv.org/abs/arXiv:1804.03312
Deformation Aware Image Compression,https://arxiv.org/abs/arXiv:1804.04593
Distributable Consistent Multi-Object Matching,https://arxiv.org/abs/arXiv:1611.07191
Residual Dense Network for Image Super-Resolution,https://arxiv.org/abs/arXiv:1804.05902
Attentive Generative Adversarial Network for Raindrop Removal From a Single Image,https://arxiv.org/abs/arXiv:1711.10098
FSRNet: End-to-End Learning Face Super-Resolution With Facial Priors,https://arxiv.org/abs/arXiv:1711.10703
Burst Denoising With Kernel Prediction Networks,https://arxiv.org/abs/arXiv:1712.02327
Unsupervised Sparse Dirichlet-Net for Hyperspectral Image Super-Resolution,https://arxiv.org/abs/arXiv:1804.05042
SPLATNet: Sparse Lattice Networks for Point Cloud Processing,https://arxiv.org/abs/arXiv:1802.08275
Surface Networks,https://arxiv.org/abs/arXiv:1807.01697
Self-Supervised Multi-Level Face Model Learning for Monocular Reconstruction at Over 250 Hz,https://arxiv.org/abs/arXiv:1712.02859
CodeSLAM -- Learning a Compact,https://arxiv.org/abs/arXiv:1804.00874
SGPN: Similarity Group Proposal Network for 3D Point Cloud Instance Segmentation,https://arxiv.org/abs/arXiv:1711.08588
PlaneNet: Piece-Wise Planar Reconstruction From a Single RGB Image,https://arxiv.org/abs/arXiv:1804.06278
FeaStNet: Feature-Steered Graph Convolutions for 3D Shape Analysis,https://arxiv.org/abs/arXiv:1706.05206
Geometry-Aware Learning of Maps for Camera Localization,https://arxiv.org/abs/arXiv:1712.03342
Recurrent Slice Networks for 3D Segmentation of Point Clouds,https://arxiv.org/abs/arXiv:1802.04402
Depth-Based 3D Hand Pose Estimation: From Current Achievements to Future Goals,https://arxiv.org/abs/arXiv:1712.03917
AdaDepth: Unsupervised Content Congruent Adaptation for Depth Estimation,https://arxiv.org/abs/arXiv:1803.01599
Learning to Find Good Correspondences,https://arxiv.org/abs/arXiv:1711.05971
OATM: Occlusion Aware Template Matching by Consensus Set Maximization,https://arxiv.org/abs/arXiv:1804.02638
Unsupervised Discovery of Object Landmarks as Structural Representations,https://arxiv.org/abs/arXiv:1804.04412
Quantization and Training of Neural Networks for Efficient Integer-Arithmetic-Only Inference,https://arxiv.org/abs/arXiv:1712.05877
Partial Transfer Learning With Selective Adversarial Networks,https://arxiv.org/abs/arXiv:1707.07901
Self-Supervised Feature Learning by Learning to Spot Artifacts,https://arxiv.org/abs/arXiv:1806.05024
LDMNet: Low Dimensional Manifold Regularized Neural Networks,https://arxiv.org/abs/arXiv:1711.06246
CondenseNet: An Efficient DenseNet Using Learned Group Convolutions,https://arxiv.org/abs/arXiv:1711.09224
Decoupled Networks,https://arxiv.org/abs/arXiv:1805.01246
Deep Adversarial Metric Learning,https://arxiv.org/abs/arXiv:1806.01477
PU-Net: Point Cloud Upsampling Network,https://arxiv.org/abs/arXiv:1801.06761
Learning for Disparity Estimation Through Feature Constancy,https://arxiv.org/abs/arXiv:1712.01039
DeepMVS: Learning Multi-View Stereopsis,https://arxiv.org/abs/arXiv:1804.00650
Motion Segmentation by Exploiting Complementary Geometric Models,https://arxiv.org/abs/arXiv:1804.02142
Estimation of Camera Locations in Highly Corrupted Scenarios: All About That Base,https://arxiv.org/abs/arXiv:1804.02591
Multi-View Consistency as Supervisory Signal for Learning Shape and Pose Prediction,https://arxiv.org/abs/arXiv:1801.03910
Probabilistic Plant Modeling via Multi-View Image-to-Image Translation,https://arxiv.org/abs/arXiv:1804.09404
Tags2Parts: Discovering Semantic Regions From Shape Tags,https://arxiv.org/abs/arXiv:1708.06673
Robust Depth Estimation From Auto Bracketed Images,https://arxiv.org/abs/arXiv:1803.07702
Pix3D: Dataset and Methods for Single-Image 3D Shape Modeling,https://arxiv.org/abs/arXiv:1804.04610
3D Pose Estimation and 3D Model Retrieval for Objects in the Wild,https://arxiv.org/abs/arXiv:1803.11493
Structure From Recurrent Motion: From Rigidity to Recurrency,https://arxiv.org/abs/arXiv:1804.06510
Learning Dual Convolutional Neural Networks for Low-Level Vision,https://arxiv.org/abs/arXiv:1805.05020
PiCANet: Learning Pixel-Wise Contextual Attention for Saliency Detection,https://arxiv.org/abs/arXiv:1708.06433
Curve Reconstruction via the Global Statistics of Natural Curves,https://arxiv.org/abs/arXiv:1711.03172
Beyond the Pixel-Wise Loss for Topology-Aware Delineation,https://arxiv.org/abs/arXiv:1712.02190
MoNet: Moments Embedding Network,https://arxiv.org/abs/arXiv:1802.07303
Densely Connected Pyramid Dehazing Network,https://arxiv.org/abs/arXiv:1803.08396
Universal Denoising Networks : A Novel CNN Architecture for Image Denoising,https://arxiv.org/abs/arXiv:1711.07807
Learning Convolutional Networks for Content-Weighted Image Compression,https://arxiv.org/abs/arXiv:1703.10553
Gated Fusion Network for Single Image Dehazing,https://arxiv.org/abs/arXiv:1804.00213
Learning a Single Convolutional Super-Resolution Network for Multiple Degradations,https://arxiv.org/abs/arXiv:1712.06116
Boundary Flow: A Siamese Network That Predicts Boundary Motion Without Training on Motion,https://arxiv.org/abs/arXiv:1702.08646
Learning to See in the Dark,https://arxiv.org/abs/arXiv:1805.01934
BPGrad: Towards Global Optimality in Deep Learning via Branch and Pruning,https://arxiv.org/abs/arXiv:1711.06959
Perturbative Neural Networks,https://arxiv.org/abs/arXiv:1806.01817
Unsupervised Correlation Analysis,https://arxiv.org/abs/arXiv:1804.00347
Domain Adaptive Faster R-CNN for Object Detection in the Wild,https://arxiv.org/abs/arXiv:1803.03243
Low-Shot Learning With Large-Scale Diffusion,https://arxiv.org/abs/arXiv:1706.02332
Lightweight Probabilistic Deep Networks,https://arxiv.org/abs/arXiv:1805.11327
Adversarially Learned One-Class Classifier for Novelty Detection,https://arxiv.org/abs/arXiv:1802.09088
Defense Against Universal Adversarial Perturbations,https://arxiv.org/abs/arXiv:1711.05929
Disentangling Factors of Variation by Mixing Them,https://arxiv.org/abs/arXiv:1711.07410
Deformable GANs for Pose-Based Human Image Generation,https://arxiv.org/abs/arXiv:1801.00055
Sliced Wasserstein Distance for Learning Gaussian Mixture Models,https://arxiv.org/abs/arXiv:1711.05376
Robust Classification With Convolutional Prototype Learning,https://arxiv.org/abs/arXiv:1805.03438
Generative Modeling Using the Sliced Wasserstein Distance,https://arxiv.org/abs/arXiv:1803.11188
Learning Time/Memory-Efficient Deep Architectures With Budgeted Super Networks,https://arxiv.org/abs/arXiv:1706.00046
Cross-View Image Synthesis Using Conditional GANs,https://arxiv.org/abs/arXiv:1803.03396
Anticipating Traffic Accidents With Adaptive Loss and Large-Scale Incident DB,https://arxiv.org/abs/arXiv:1804.02675
A Minimalist Approach to Type-Agnostic Detection of Quadrics in Point Clouds,https://arxiv.org/abs/arXiv:1803.07191
Facelet-Bank for Fast Portrait Manipulation,https://arxiv.org/abs/arXiv:1803.05576
Visual to Sound: Generating Natural Sound for Videos in the Wild,https://arxiv.org/abs/arXiv:1712.01393
An Analysis of Scale Invariance in Object Detection  SNIP,https://arxiv.org/abs/arXiv:1711.08189
Relation Networks for Object Detection,https://arxiv.org/abs/arXiv:1711.11575
Zero-Shot Sketch-Image Hashing,https://arxiv.org/abs/arXiv:1803.02284
VizWiz Grand Challenge: Answering Visual Questions From Blind People,https://arxiv.org/abs/arXiv:1802.08218
Divide and Grow: Capturing Huge Diversity in Crowd Images With Incrementally Growing CNN,https://arxiv.org/abs/arXiv:1807.09993
Structured Set Matching Networks for One-Shot Part Labeling,https://arxiv.org/abs/arXiv:1712.01867
Self-Supervised Learning of Geometrically Stable Features Through Probabilistic Introspection,https://arxiv.org/abs/arXiv:1804.01552
Link and Code: Fast Indexing With Graphs and Compact Regression Codes,https://arxiv.org/abs/arXiv:1804.09996
Vision-and-Language Navigation: Interpreting Visually-Grounded Navigation Instructions in Real Environments,https://arxiv.org/abs/arXiv:1711.07280
Efficient Optimization for Rank-Based Loss Functions,https://arxiv.org/abs/arXiv:1604.08269
Wasserstein Introspective Neural Networks,https://arxiv.org/abs/arXiv:1711.08875
Taskonomy: Disentangling Task Transfer Learning,https://arxiv.org/abs/arXiv:1804.08328
Maximum Classifier Discrepancy for Unsupervised Domain Adaptation,https://arxiv.org/abs/arXiv:1712.02560
Unsupervised Feature Learning via Non-Parametric Instance Discrimination,https://arxiv.org/abs/arXiv:1805.01978
Learning From Synthetic Data: Addressing Domain Shift for Semantic Segmentation,https://arxiv.org/abs/arXiv:1711.06969
Boosting Domain Adaptation by Discovering Latent Domains,https://arxiv.org/abs/arXiv:1805.01386
Shape From Shading Through Shape Evolution,https://arxiv.org/abs/arXiv:1712.02961
Weakly Supervised Instance Segmentation Using Class Peak Response,https://arxiv.org/abs/arXiv:1804.00880
Teaching Categories to Human Learners With Visual Explanations,https://arxiv.org/abs/arXiv:1802.06924
Density Adaptive Point Set Registration,https://arxiv.org/abs/arXiv:1804.01495
Left-Right Comparative Recurrent Model for Stereo Matching,https://arxiv.org/abs/arXiv:1804.00796
A Unifying Contrast Maximization Framework for Event Cameras,https://arxiv.org/abs/arXiv:1804.01306
Tangent Convolutions for Dense Prediction in 3D,https://arxiv.org/abs/arXiv:1807.02443
Neural 3D Mesh Renderer,https://arxiv.org/abs/arXiv:1711.07566
Structured Attention Guided Convolutional Neural Fields for Monocular Depth Estimation,https://arxiv.org/abs/arXiv:1803.11029
Extreme 3D Face Reconstruction: Seeing Through Occlusions,https://arxiv.org/abs/arXiv:1712.05083
Deep Cocktail Network: Multi-Source Unsupervised Domain Adaptation With Category Shift,https://arxiv.org/abs/arXiv:1803.00830
DOTA: A Large-Scale Dataset for Object Detection in Aerial Images,https://arxiv.org/abs/arXiv:1711.10398
Finding Beans in Burgers: Deep Semantic-Visual Embedding With Localization,https://arxiv.org/abs/arXiv:1804.01720
ClusterNet: Detecting Small Objects in Large Scenes by Exploiting Spatio-Temporal Information,https://arxiv.org/abs/arXiv:1704.02694
MaskLab: Instance Segmentation by Refining Object Detection With Semantic and Direction Features,https://arxiv.org/abs/arXiv:1712.04837
Hashing as Tie-Aware Learning to Rank,https://arxiv.org/abs/arXiv:1705.08562
Classification-Driven Dynamic Image Enhancement,https://arxiv.org/abs/arXiv:1710.07558
Knowledge Aided Consistency for Weakly Supervised Phrase Grounding,https://arxiv.org/abs/arXiv:1803.03879
Pseudo Mask Augmented Object Detection,https://arxiv.org/abs/arXiv:1803.05858
Dual Skipping Networks,https://arxiv.org/abs/arXiv:1710.10386
Memory Matching Networks for One-Shot Image Recognition,https://arxiv.org/abs/arXiv:1804.08281
IQA: Visual Question Answering in Interactive Environments,https://arxiv.org/abs/arXiv:1712.03316
Large Scale Fine-Grained Categorization and Domain-Specific Transfer Learning,https://arxiv.org/abs/arXiv:1806.06193
Data Distillation: Towards Omni-Supervised Learning,https://arxiv.org/abs/arXiv:1712.04440
Object Referring in Videos With Language and Human Gaze,https://arxiv.org/abs/arXiv:1801.01582
Feature Selective Networks for Object Detection,https://arxiv.org/abs/arXiv:1711.08879
Learning a Discriminative Filter Bank Within a CNN for Fine-Grained Recognition,https://arxiv.org/abs/arXiv:1611.09932
Grounding Referring Expressions in Images by Variational Context,https://arxiv.org/abs/arXiv:1712.01892
Dynamic Graph Generation Network: Generating Relational Knowledge From Diagrams,https://arxiv.org/abs/arXiv:1711.09528
Towards Dense Object Tracking in a 2D Honeybee Hive,https://arxiv.org/abs/arXiv:1712.08324
Long-Term On-Board Prediction of People in Traffic Scenes Under Uncertainty,https://arxiv.org/abs/arXiv:1711.09026
Single-Shot Refinement Neural Network for Object Detection,https://arxiv.org/abs/arXiv:1711.06897
Video Captioning via Hierarchical Reinforcement Learning,https://arxiv.org/abs/arXiv:1711.11135
Tips and Tricks for Visual Question Answering: Learnings From the 2017 Challenge,https://arxiv.org/abs/arXiv:1708.02711
Learning to Segment Every Thing,https://arxiv.org/abs/arXiv:1711.10370
Self-Supervised Adversarial Hashing Networks for Cross-Modal Retrieval,https://arxiv.org/abs/arXiv:1804.01223
Parallel Attention: A Unified Framework for Visual Object Discovery Through Dialogs and Queries,https://arxiv.org/abs/arXiv:1711.06370
Zigzag Learning for Weakly Supervised Object Detection,https://arxiv.org/abs/arXiv:1804.09466
Generalized Zero-Shot Learning via Synthesized Examples,https://arxiv.org/abs/arXiv:1712.03878
SYQ: Learning Symmetric Quantization for Efficient Deep Neural Networks,https://arxiv.org/abs/arXiv:1807.00301
Deep Mutual Learning,https://arxiv.org/abs/arXiv:1706.00384
Residual Parameter Transfer for Deep Domain Adaptation,https://arxiv.org/abs/arXiv:1711.07714
Learning to Localize Sound Source in Visual Scenes,https://arxiv.org/abs/arXiv:1803.03849
Dynamic Few-Shot Visual Learning Without Forgetting,https://arxiv.org/abs/arXiv:1804.09458
Improved Lossy Image Compression With Priming and Spatially Adaptive Bit Rates for Recurrent Networks,https://arxiv.org/abs/arXiv:1703.10114
Conditional Probability Models for Deep Image Compression,https://arxiv.org/abs/arXiv:1801.04260
Generative Adversarial Perturbations,https://arxiv.org/abs/arXiv:1712.02328
Learning Strict Identity Mappings in Deep Residual Networks,https://arxiv.org/abs/arXiv:1804.01661
Geometric Robustness of Deep Networks: Analysis and Improvement,https://arxiv.org/abs/arXiv:1711.09115
View Extrapolation of Human Body From a Single Image,https://arxiv.org/abs/arXiv:1804.04213
PointNetVLAD: Deep Point Cloud Based Retrieval for Large-Scale Place Recognition,https://arxiv.org/abs/arXiv:1804.03492
VoxelNet: End-to-End Learning for Point Cloud Based 3D Object Detection,https://arxiv.org/abs/arXiv:1711.06396
Image to Image Translation for Domain Adaptation,https://arxiv.org/abs/arXiv:1712.00479
MobileNetV2: Inverted Residuals and Linear Bottlenecks,https://arxiv.org/abs/arXiv:1801.04381
Im2Struct: Recovering 3D Shape Structure From a Single RGB Image,https://arxiv.org/abs/arXiv:1804.05469
Mining Point Cloud Local Structures by Kernel Correlation and Graph Pooling,https://arxiv.org/abs/arXiv:1712.06760
Large-Scale Point Cloud Semantic Segmentation With Superpoint Graphs,https://arxiv.org/abs/arXiv:1711.09869
ScanComplete: Large-Scale Scene Completion and Semantic Segmentation for 3D Scans,https://arxiv.org/abs/arXiv:1712.10215
Geometry-Aware Deep Network for Single-Image Novel View Synthesis,https://arxiv.org/abs/arXiv:1804.06008
InverseFaceNet: Deep Monocular Inverse Face Rendering,https://arxiv.org/abs/arXiv:1703.10956
Sparse Photometric 3D Face Reconstruction Guided by Morphable Models,https://arxiv.org/abs/arXiv:1711.10870
Learning Less Is More - 6D Camera Localization via 3D Surface Regression,https://arxiv.org/abs/arXiv:1711.10228
Feature Mapping for Learning Fast and Accurate 3D Pose Inference From Synthetic Images,https://arxiv.org/abs/arXiv:1712.03904
Analysis of Hand Segmentation in the Wild,https://arxiv.org/abs/arXiv:1803.03317
RoadTracer: Automatic Extraction of Road Networks From Aerial Images,https://arxiv.org/abs/arXiv:1802.03680
Soccer on Your Tabletop,https://arxiv.org/abs/arXiv:1806.00890
EPINET: A Fully-Convolutional Neural Network Using Epipolar Geometry for Depth From Light Field Images,https://arxiv.org/abs/arXiv:1804.02379
CRRN: Multi-Scale Guided Concurrent Reflection Removal Network,https://arxiv.org/abs/arXiv:1805.11802
Single Image Reflection Separation With Perceptual Losses,https://arxiv.org/abs/arXiv:1806.05376
Efficient Diverse Ensemble for Discriminative Co-Tracking,https://arxiv.org/abs/arXiv:1711.06564
A Twofold Siamese Network for Real-Time Object Tracking,https://arxiv.org/abs/arXiv:1802.08817
High-Speed Tracking With Multi-Kernel Correlation Filters,https://arxiv.org/abs/arXiv:1806.06418
Occlusion Aware Unsupervised Learning of Optical Flow,https://arxiv.org/abs/arXiv:1711.05890
Revisiting Video Saliency: A Large-Scale Benchmark and a New Model,https://arxiv.org/abs/arXiv:1801.07424
Learning Spatial-Temporal Regularized Correlation Filters for Visual Tracking,https://arxiv.org/abs/arXiv:1803.08679
Multimodal Visual Concept Learning With Weakly Supervised Techniques,https://arxiv.org/abs/arXiv:1712.00796
Learning a Complete Image Indexing Pipeline,https://arxiv.org/abs/arXiv:1712.04480
Transparency by Design: Closing the Gap Between Performance and Interpretability in Visual Reasoning,https://arxiv.org/abs/arXiv:1803.05268
Fooling Vision and Language Models Despite Localization and Attention Mechanism,https://arxiv.org/abs/arXiv:1709.08693
Don't Just Assume; Look and Answer: Overcoming Priors for Visual Question Answering,https://arxiv.org/abs/arXiv:1712.00377
Learning Pixel-Level Semantic Affinity With Image-Level Supervision for Weakly Supervised Semantic Segmentation,https://arxiv.org/abs/arXiv:1803.10464
From Lifestyle Vlogs to Everyday Interactions,https://arxiv.org/abs/arXiv:1712.02310
Cross-Domain Weakly-Supervised Object Detection Through Progressive Domain Adaptation,https://arxiv.org/abs/arXiv:1803.11365
RotationNet: Joint Object Categorization and Pose Estimation Using Multiviews From Unsupervised Viewpoints,https://arxiv.org/abs/arXiv:1603.06208
An End-to-End TextSpotter With Explicit Alignment and Attention,https://arxiv.org/abs/arXiv:1803.03474
Natural and Effective Obfuscation by Head Inpainting,https://arxiv.org/abs/arXiv:1711.09001
3D Semantic Trajectory Reconstruction From 3D Pixel Continuum,https://arxiv.org/abs/arXiv:1712.01359
Optimizing Filter Size in Convolutional Neural Networks for Facial Action Unit Recognition,https://arxiv.org/abs/arXiv:1707.08630
V2V-PoseNet: Voxel-to-Voxel Prediction Network for Accurate 3D Hand and Human Pose Estimation From a Single Depth Map,https://arxiv.org/abs/arXiv:1711.07399
Ring Loss: Convex Feature Normalization for Face Recognition,https://arxiv.org/abs/arXiv:1803.00130
Seeing Small Faces From Robust Anchor's Perspective,https://arxiv.org/abs/arXiv:1802.09058
2D/3D Pose Estimation and Action Recognition Using Multitask Deep Learning,https://arxiv.org/abs/arXiv:1802.09232
Dense 3D Regression for Hand Pose Estimation,https://arxiv.org/abs/arXiv:1711.08996
Camera Style Adaptation for Person Re-Identification,https://arxiv.org/abs/arXiv:1711.10295
PoseTrack: A Benchmark for Human Pose Estimation and Tracking,https://arxiv.org/abs/arXiv:1710.10000
Pose-Robust Face Recognition via Deep Residual Equivariant Mapping,https://arxiv.org/abs/arXiv:1803.00839
DecideNet: Counting Varying Density Crowds Through Attention Guided Detection and Density Estimation,https://arxiv.org/abs/arXiv:1712.06679
LSTM Pose Machines,https://arxiv.org/abs/arXiv:1712.06316
Disentangling Features in 3D Face Shapes for Joint Face Reconstruction and Recognition,https://arxiv.org/abs/arXiv:1803.11366
Convolutional Sequence to Sequence Model for Human Dynamics,https://arxiv.org/abs/arXiv:1805.00655
3D Human Pose Estimation in the Wild by Adversarial Learning,https://arxiv.org/abs/arXiv:1803.09722
CosFace: Large Margin Cosine Loss for Deep Face Recognition,https://arxiv.org/abs/arXiv:1801.09414
Learning Latent Super-Events to Detect Multiple Activities in Videos,https://arxiv.org/abs/arXiv:1712.01938
Dual Attention Matching Network for Context-Aware Feature Sequence Based Person Re-Identification,https://arxiv.org/abs/arXiv:1803.09937
Pyramid Stereo Matching Network,https://arxiv.org/abs/arXiv:1803.08669
Event-Based Vision Meets Deep Learning on Steering Prediction for Self-Driving Cars,https://arxiv.org/abs/arXiv:1804.01310
Learning Answer Embeddings for Visual Question Answering,https://arxiv.org/abs/arXiv:1806.03724
CleanNet: Transfer Learning for Scalable Image Classifier Training With Label Noise,https://arxiv.org/abs/arXiv:1711.07131
Independently Recurrent Neural Network (IndRNN): Building a Longer and Deeper RNN,https://arxiv.org/abs/arXiv:1803.04831
Mix and Match Networks: Encoder-Decoder Alignment for Zero-Pair Image Translation,https://arxiv.org/abs/arXiv:1804.02199
Structured Uncertainty Prediction Networks,https://arxiv.org/abs/arXiv:1802.07079
Between-Class Learning for Image Classification,https://arxiv.org/abs/arXiv:1711.10284
Adversarial Feature Augmentation for Unsupervised Domain Adaptation,https://arxiv.org/abs/arXiv:1711.08561
Generative Image Inpainting With Contextual Attention,https://arxiv.org/abs/arXiv:1801.07892
CSGNet: Neural Shape Parser for Constructive Solid Geometry,https://arxiv.org/abs/arXiv:1712.08290
Conditional Image-to-Image Translation,https://arxiv.org/abs/arXiv:1805.00251
Continuous Relaxation of MAP Inference: A Nonconvex Perspective,https://arxiv.org/abs/arXiv:1802.07796
Feature Generating Networks for Zero-Shot Learning,https://arxiv.org/abs/arXiv:1712.00981
Joint Optimization Framework for Learning With Noisy Labels,https://arxiv.org/abs/arXiv:1803.11364
Convolutional Image Captioning,https://arxiv.org/abs/arXiv:1805.09019
AON: Towards Arbitrarily-Oriented Text Recognition,https://arxiv.org/abs/arXiv:1711.04226
Regularizing Deep Networks by Modeling and Predicting Label Structure,https://arxiv.org/abs/arXiv:1804.02009
In-Place Activated BatchNorm for Memory-Optimized Training of DNNs,https://arxiv.org/abs/arXiv:1712.02616
DVQA: Understanding Data Visualizations via Question Answering,https://arxiv.org/abs/arXiv:1801.08163
DA-GAN: Instance-Level Image Translation by Deep Attention Generative Adversarial Networks,https://arxiv.org/abs/arXiv:1802.06454
Unsupervised Learning of Depth and Ego-Motion From Monocular Video Using 3D Geometric Constraints,https://arxiv.org/abs/arXiv:1802.05522
FOTS: Fast Oriented Text Spotting With a Unified Network,https://arxiv.org/abs/arXiv:1801.01671
Mobile Video Object Detection With Temporally-Aware Feature Maps,https://arxiv.org/abs/arXiv:1711.06368
Revisiting Oxford and Paris: Large-Scale Image Retrieval Benchmarking,https://arxiv.org/abs/arXiv:1803.11285
Cross-Dataset Adaptation for Visual Question Answering,https://arxiv.org/abs/arXiv:1806.03726
Two Can Play This Game: Visual Dialog With Discriminative Question Generation and Answering,https://arxiv.org/abs/arXiv:1803.11186
A Deeper Look at Power Normalizations,https://arxiv.org/abs/arXiv:1806.09183
Dimensionality's Blessing: Clustering Images by Underlying Distribution,https://arxiv.org/abs/arXiv:1804.02624
Learning to Evaluate Image Captioning,https://arxiv.org/abs/arXiv:1806.06422
Single-Shot Object Detection With Enriched Semantics,https://arxiv.org/abs/arXiv:1712.00433
Low-Shot Learning With Imprinted Weights,https://arxiv.org/abs/arXiv:1712.07136
Neural Motifs: Scene Graph Parsing With Global Context,https://arxiv.org/abs/arXiv:1711.06640
Variational Autoencoders for Deforming 3D Mesh Models,https://arxiv.org/abs/arXiv:1709.04307
Fast Monte-Carlo Localization on Aerial Vehicles Using Approximate Continuous Belief Representations,https://arxiv.org/abs/arXiv:1712.05507
DeLS-3D: Deep Localization and Segmentation With a 3D Semantic Map,https://arxiv.org/abs/arXiv:1805.04949
Logo Synthesis and Manipulation With Clustered Generative Adversarial Networks,https://arxiv.org/abs/arXiv:1712.04407
Egocentric Basketball Motion Planning From a Single First-Person Image,https://arxiv.org/abs/arXiv:1803.01413
Rotation-Sensitive Regression for Oriented Scene Text Detection,https://arxiv.org/abs/arXiv:1803.05265
Separating Self-Expression and Visual Content in Hashtag Supervision,https://arxiv.org/abs/arXiv:1711.09825
Distort-and-Recover: Color Enhancement Using Deep Reinforcement Learning,https://arxiv.org/abs/arXiv:1804.04450
Im2Flow: Motion Hallucination From Static Images for Action Recognition,https://arxiv.org/abs/arXiv:1712.04109
Actor and Action Video Segmentation From a Sentence,https://arxiv.org/abs/arXiv:1803.07485
CNN in MRF: Video Object Segmentation via Inference in a CNN-Based Higher-Order Spatio-Temporal MRF,https://arxiv.org/abs/arXiv:1803.09453
Action Sets: Weakly Supervised Action Segmentation Without Ordering Constraints,https://arxiv.org/abs/arXiv:1706.00699
Low-Latency Video Semantic Segmentation,https://arxiv.org/abs/arXiv:1804.00389
End-to-End Learning of Motion Representation for Video Understanding,https://arxiv.org/abs/arXiv:1804.00413
Compressed Video Action Recognition,https://arxiv.org/abs/arXiv:1712.00636
Features for Multi-Target Multi-Camera Tracking and Re-Identification,https://arxiv.org/abs/arXiv:1803.10859
AVA: A Video Dataset of Spatio-Temporally Localized Atomic Visual Actions,https://arxiv.org/abs/arXiv:1705.08421
MX-LSTM: Mixing Tracklets and Vislets to Jointly Forecast Trajectories and Head Poses,https://arxiv.org/abs/arXiv:1805.00652
Bottom-Up and Top-Down Attention for Image Captioning and Visual Question Answering,https://arxiv.org/abs/arXiv:1707.07998
Improved Fusion of Visual and Language Representations by Dense Symmetric Co-Attention for Visual Question Answering,https://arxiv.org/abs/arXiv:1804.00775
FlipDial: A Generative Model for Two-Way Visual Dialogue,https://arxiv.org/abs/arXiv:1802.03803
Visual Question Generation as Dual Task of Visual Question Answering,https://arxiv.org/abs/arXiv:1709.07192
Unsupervised Textual Grounding: Linking Words to Image Concepts,https://arxiv.org/abs/arXiv:1803.11185
Focal Visual-Text Attention for Visual Question Answering,https://arxiv.org/abs/arXiv:1806.01873
SeGAN: Segmenting and Generating the Invisible,https://arxiv.org/abs/arXiv:1703.10239
Cascade R-CNN: Delving Into High Quality Object Detection,https://arxiv.org/abs/arXiv:1712.00726
Learning Semantic Concepts and Order for Image and Sentence Matching,https://arxiv.org/abs/arXiv:1712.02036
Functional Map of the World,https://arxiv.org/abs/arXiv:1711.07846
MegDet: A Large Mini-Batch Object Detector,https://arxiv.org/abs/arXiv:1711.07240
Photographic Text-to-Image Synthesis With a Hierarchically-Nested Adversarial Network,https://arxiv.org/abs/arXiv:1802.09178
Illuminant Spectra-Based Source Separation Using Flash Photography,https://arxiv.org/abs/arXiv:1704.05564
The Perception-Distortion Tradeoff,https://arxiv.org/abs/arXiv:1711.06077
Label Denoising Adversarial Network (LDAN) for Inverse Lighting of Faces,https://arxiv.org/abs/arXiv:1709.01993
Robust Video Content Alignment and Compensation for Rain Removal in a CNN Framework,https://arxiv.org/abs/arXiv:1803.10433
LIME: Live Intrinsic Material Estimation,https://arxiv.org/abs/arXiv:1801.01075
Learning to Extract a Video Sequence From a Single Motion-Blurred Image,https://arxiv.org/abs/arXiv:1804.04065
Lose the Views: Limited Angle CT Reconstruction via Implicit Sinogram Completion,https://arxiv.org/abs/arXiv:1711.10388
AMNet: Memorability Estimation With Attention,https://arxiv.org/abs/arXiv:1804.03115
Blind Predicting Similar Quality Map for Image Quality Assessment,https://arxiv.org/abs/arXiv:1805.08493
Aperture Supervision for Monocular Depth Estimation,https://arxiv.org/abs/arXiv:1711.07933
A Closer Look at Spatiotemporal Convolutions for Action Recognition,https://arxiv.org/abs/arXiv:1711.11248
Real-World Anomaly Detection in Surveillance Videos,https://arxiv.org/abs/arXiv:1801.04264
Efficient Video Object Segmentation via Network Modulation,https://arxiv.org/abs/arXiv:1802.01218
Weakly-Supervised Action Segmentation With Iterative Soft Boundary Assignment,https://arxiv.org/abs/arXiv:1803.10699
Instance Embedding Transfer to Unsupervised Video Object Segmentation,https://arxiv.org/abs/arXiv:1801.00908
Future Frame Prediction for Anomaly Detection - A New Baseline,https://arxiv.org/abs/arXiv:1712.09867
Dynamic Video Segmentation Network,https://arxiv.org/abs/arXiv:1804.00931
Motion-Appearance Co-Memory Networks for Video Question Answering,https://arxiv.org/abs/arXiv:1803.10906
Generative Adversarial Image Synthesis With Decision Tree Latent Controller,https://arxiv.org/abs/arXiv:1805.10603
Learning a Discriminative Prior for Blind Image Deblurring,https://arxiv.org/abs/arXiv:1803.03363
Frame-Recurrent Video Super-Resolution,https://arxiv.org/abs/arXiv:1801.04590
Stereoscopic Neural Style Transfer,https://arxiv.org/abs/arXiv:1802.10591
Multi-Frame Quality Enhancement for Compressed Video,https://arxiv.org/abs/arXiv:1803.04680
CNN Based Learning Using Reflection and Retinex Models for Intrinsic Image Decomposition,https://arxiv.org/abs/arXiv:1712.01056
Image Restoration by Estimating Frequency Distribution of Local Patches,https://arxiv.org/abs/arXiv:1805.09097
Latent RANSAC,https://arxiv.org/abs/arXiv:1802.07045
Two-Stream Convolutional Networks for Dynamic Texture Synthesis,https://arxiv.org/abs/arXiv:1706.06982
Towards Open-Set Identity Preserving Face Synthesis,https://arxiv.org/abs/arXiv:1803.11182
Graph-Cut RANSAC,https://arxiv.org/abs/arXiv:1706.00984
Weakly Supervised Action Localization by Sparse Temporal Pooling Network,https://arxiv.org/abs/arXiv:1712.05080
FFNet: Video Fast-Forwarding via Reinforcement Learning,https://arxiv.org/abs/arXiv:1805.02792
Multi-Shot Pedestrian Re-Identification via Sequential Decision Making,https://arxiv.org/abs/arXiv:1712.07257
Attend and Interact: Higher-Order Object Interactions for Video Understanding,https://arxiv.org/abs/arXiv:1711.06330
Fully Convolutional Adaptation Networks for Semantic Segmentation,https://arxiv.org/abs/arXiv:1804.08286
Semantic Video Segmentation by Gated Recurrent Flow Propagation,https://arxiv.org/abs/arXiv:1612.08871
ShuffleNet: An Extremely Efficient Convolutional Neural Network for Mobile Devices,https://arxiv.org/abs/arXiv:1707.01083
Zero-Shot Recognition via Semantic Embeddings and Knowledge Graphs,https://arxiv.org/abs/arXiv:1803.08035
Referring Relationships,https://arxiv.org/abs/arXiv:1803.10362
Improving Object Localization With Fitness NMS and Bounded IoU Loss,https://arxiv.org/abs/arXiv:1711.00164
End-to-End Deep Kronecker-Product Matching for Person Re-Identification,https://arxiv.org/abs/arXiv:1807.11182
Semantic Visual Localization,https://arxiv.org/abs/arXiv:1804.08366
Objects as Context for Detecting Their Semantic Parts,https://arxiv.org/abs/arXiv:1703.09529
End-to-End Weakly-Supervised Semantic Alignment,https://arxiv.org/abs/arXiv:1712.06861
Dynamic Zoom-In Network for Fast Object Detection in Large Images,https://arxiv.org/abs/arXiv:1711.05187
Learning Markov Clustering Networks for Scene Text Detection,https://arxiv.org/abs/arXiv:1805.08365
Beyond Holistic Object Recognition: Enriching Image Understanding With Part States,https://arxiv.org/abs/arXiv:1612.07310
Discriminability Objective for Training Descriptive Captions,https://arxiv.org/abs/arXiv:1803.04376
Visual Question Answering With Memory-Augmented Networks,https://arxiv.org/abs/arXiv:1707.04968
Structure Inference Net: Object Detection Using Scene-Level Context and Instance-Level Relationships,https://arxiv.org/abs/arXiv:1807.00119
Reward Learning From Narrated Demonstrations,https://arxiv.org/abs/arXiv:1804.10692
Deep Spatial Feature Reconstruction for Partial Person Re-Identification: Alignment-Free Approach,https://arxiv.org/abs/arXiv:1801.00881
Every Smile Is Unique: Landmark-Guided Diverse Smile Generation,https://arxiv.org/abs/arXiv:1802.01873
UV-GAN: Adversarial Facial UV Map Completion for Pose-Invariant Face Recognition,https://arxiv.org/abs/arXiv:1712.04695
Cascaded Pyramid Network for Multi-Person Pose Estimation,https://arxiv.org/abs/arXiv:1711.07319
End-to-End Recovery of Human Shape and Pose,https://arxiv.org/abs/arXiv:1712.06584
Squeeze-and-Excitation Networks,https://arxiv.org/abs/arXiv:1807.08920
Revisiting Salient Object Detection: Simultaneous Detection,https://arxiv.org/abs/arXiv:1803.05082
Context Encoding for Semantic Segmentation,https://arxiv.org/abs/arXiv:1803.08904
Creating Capsule Wardrobes From Fashion Images,https://arxiv.org/abs/arXiv:1712.02662
Bidirectional Attentive Fusion With Context Gating for Dense Video Captioning,https://arxiv.org/abs/arXiv:1804.00100
InLoc: Indoor Visual Localization With Dense Matching and View Synthesis,https://arxiv.org/abs/arXiv:1803.10368
Towards High Performance Video Object Detection,https://arxiv.org/abs/arXiv:1804.05830
Neural Baby Talk,https://arxiv.org/abs/arXiv:1803.09845
Few-Shot Image Recognition by Predicting Parameters From Activations,https://arxiv.org/abs/arXiv:1706.03466
Iterative Visual Reasoning Beyond Convolutions,https://arxiv.org/abs/arXiv:1803.11189
Visual Question Reasoning on General Dependency Tree,https://arxiv.org/abs/arXiv:1804.00105
Revisiting Dilated Convolution: A Simple Approach for Weakly- and Semi-Supervised Semantic Segmentation,https://arxiv.org/abs/arXiv:1805.04574
Low-Shot Learning From Imaginary Data,https://arxiv.org/abs/arXiv:1801.05401
DoubleFusion: Real-Time Capture of Human Performances With Inner Body Shapes From a Single Depth Sensor,https://arxiv.org/abs/arXiv:1804.06023
DensePose: Dense Human Pose Estimation in the Wild,https://arxiv.org/abs/arXiv:1802.00434
Ordinal Depth Supervision for 3D Human Pose Estimation,https://arxiv.org/abs/arXiv:1805.04095
Alive Caricature From 2D to 3D,https://arxiv.org/abs/arXiv:1803.06802
Nonlinear 3D Face Morphable Model,https://arxiv.org/abs/arXiv:1804.03786
NeuralNetwork-Viterbi: A Framework for Weakly Supervised Video Learning,https://arxiv.org/abs/arXiv:1805.06875
Actor and Observer: Joint Modeling of First and Third-Person Videos,https://arxiv.org/abs/arXiv:1804.09627
Fast and Accurate Online Video Object Segmentation via Tracking Parts,https://arxiv.org/abs/arXiv:1806.02323
Viewpoint-Aware Video Summarization,https://arxiv.org/abs/arXiv:1804.02843
Photometric Stereo in Participating Media Considering Shape-Dependent Forward Scatter,https://arxiv.org/abs/arXiv:1804.02836
Direction-Aware Spatial Context Features for Shadow Detection,https://arxiv.org/abs/arXiv:1805.04635
Discriminative Learning of Latent Features for Zero-Shot Recognition,https://arxiv.org/abs/arXiv:1803.06731
Learning to Adapt Structured Output Space for Semantic Segmentation,https://arxiv.org/abs/arXiv:1802.10349
Multi-Task Learning Using Uncertainty to Weigh Losses for Scene Geometry and Semantics,https://arxiv.org/abs/arXiv:1705.07115
Jointly Localizing and Describing Events for Dense Video Captioning,https://arxiv.org/abs/arXiv:1804.08274
VITON: An Image-Based Virtual Try-On Network,https://arxiv.org/abs/arXiv:1711.08447
Multi-Oriented Scene Text Detection via Corner Localization and Region Segmentation,https://arxiv.org/abs/arXiv:1802.08948
Multi-Content GAN for Few-Shot Font Style Transfer,https://arxiv.org/abs/arXiv:1712.00516
Audio to Body Dynamics,https://arxiv.org/abs/arXiv:1712.09382
Future Person Localization in First-Person Videos,https://arxiv.org/abs/arXiv:1711.11217
Preserving Semantic Relations for Zero-Shot Learning,https://arxiv.org/abs/arXiv:1803.03049
Reconstruction Network for Video Captioning,https://arxiv.org/abs/arXiv:1803.11438
Fast Spectral Ranking for Similarity Search,https://arxiv.org/abs/arXiv:1703.06935
Mining on Manifolds: Metric Learning Without Labels,https://arxiv.org/abs/arXiv:1803.11095
Leveraging Unlabeled Data for Crowd Counting by Learning to Rank,https://arxiv.org/abs/arXiv:1803.03095
Zero-Shot Kernel Learning,https://arxiv.org/abs/arXiv:1802.01279
Differential Attention for Visual Question Answering,https://arxiv.org/abs/arXiv:1804.00298
Learning From Noisy Web Data With Category-Level Supervision,https://arxiv.org/abs/arXiv:1803.03857
Learning Visual Knowledge Memory Networks for Visual Question Answering,https://arxiv.org/abs/arXiv:1806.04860
Beyond Trade-Off: Accelerate FCN-Based Face Detector With Higher Accuracy,https://arxiv.org/abs/arXiv:1804.05197
PackNet: Adding Multiple Tasks to a Single Network by Iterative Pruning,https://arxiv.org/abs/arXiv:1711.05769
Repulsion Loss: Detecting Pedestrians in a Crowd,https://arxiv.org/abs/arXiv:1711.07752
Non-Local Neural Networks,https://arxiv.org/abs/arXiv:1712.10158
Optimizing Video Object Detection via a Scale-Time Lattice,https://arxiv.org/abs/arXiv:1804.05472
Attention Clusters: Purely Attention Based Local Feature Integration for Video Classification,https://arxiv.org/abs/arXiv:1711.09550
ROAD: Reality Oriented Adaptation for Semantic Segmentation of Urban Scenes,https://arxiv.org/abs/arXiv:1711.11556
Eye In-Painting With Exemplar Generative Adversarial Networks,https://arxiv.org/abs/arXiv:1712.03999
ClcNet: Improving the Efficiency of Convolutional Neural Network Using Channel Local Convolutions,https://arxiv.org/abs/arXiv:1712.06145
Towards Effective Low-Bitwidth Convolutional Neural Networks,https://arxiv.org/abs/arXiv:1711.00205
Stochastic Downsampling for Cost-Adjustable Inference and Improved Regularization in Convolutional Networks,https://arxiv.org/abs/arXiv:1801.09335
Unsupervised Cross-Dataset Person Re-Identification by Transfer Learning of Spatial-Temporal Patterns,https://arxiv.org/abs/arXiv:1803.07293
Tagging Like Humans: Diverse and Distinct Image Annotation,https://arxiv.org/abs/arXiv:1804.00113
Inferring Semantic Layout for Hierarchical Text-to-Image Synthesis,https://arxiv.org/abs/arXiv:1801.05091
Regularizing RNNs for Caption Generation by Reconstructing the Past With the Present,https://arxiv.org/abs/arXiv:1803.11439
Unsupervised Domain Adaptation With Similarity Learning,https://arxiv.org/abs/arXiv:1711.08995
Learning Deep Sketch Abstraction,https://arxiv.org/abs/arXiv:1804.04804
Matching Adversarial Networks,https://arxiv.org/abs/arXiv:1707.08273
Resource Aware Person Re-Identification Across Multiple Resolutions,https://arxiv.org/abs/arXiv:1805.08805
SketchMate: Deep Hashing for Million-Scale Human Sketch Retrieval,https://arxiv.org/abs/arXiv:1804.01401
From Source to Target and Back: Symmetric Bi-Directional Adaptive GAN,https://arxiv.org/abs/arXiv:1705.08824
Efficient Parametrization of Multi-Domain Deep Neural Networks,https://arxiv.org/abs/arXiv:1803.10082
Geometric Multi-Model Fitting With a Convex Relaxation Algorithm,https://arxiv.org/abs/arXiv:1706.01553
Importance Weighted Adversarial Nets for Partial Domain Adaptation,https://arxiv.org/abs/arXiv:1803.09210
Efficient Subpixel Refinement With Symbolic Linear Predictors,https://arxiv.org/abs/arXiv:1804.10750
Scale-Recurrent Network for Deep Image Deblurring,https://arxiv.org/abs/arXiv:1802.01770
DeblurGAN: Blind Motion Deblurring Using Conditional Adversarial Networks,https://arxiv.org/abs/arXiv:1711.07064
A2-RL: Aesthetics Aware Reinforcement Learning for Image Cropping,https://arxiv.org/abs/arXiv:1709.04595
On the Duality Between Retinex and Image Dehazing,https://arxiv.org/abs/arXiv:1712.02754
Arbitrary Style Transfer With Deep Feature Reshuffle,https://arxiv.org/abs/arXiv:1805.04103
Nonlocal Low-Rank Tensor Factor Analysis for Image Restoration,https://arxiv.org/abs/arXiv:1803.06795
Avatar-Net: Multi-Scale Zero-Shot Style Transfer by Feature Decoration,https://arxiv.org/abs/arXiv:1805.03857
Missing Slice Recovery for Tensors Using a Low-Rank Model in Embedded Space,https://arxiv.org/abs/arXiv:1804.01736
Deep Semantic Face Deblurring,https://arxiv.org/abs/arXiv:1803.03345
Recurrent Saliency Transformation Network: Incorporating Multi-Stage Visual Cues for Small Organ Segmentation,https://arxiv.org/abs/arXiv:1709.04518
Thoracic Disease Identification and Localization With Limited Supervision,https://arxiv.org/abs/arXiv:1711.06373
Quantization of Fully Convolutional Networks for Accurate Biomedical Image Segmentation,https://arxiv.org/abs/arXiv:1803.04907
Visual Feature Attribution Using Wasserstein GANs,https://arxiv.org/abs/arXiv:1711.08998
Total Capture: A 3D Deformation Model for Tracking Faces,https://arxiv.org/abs/arXiv:1801.01615
Augmented Skeleton Space Transfer for Depth-Based Hand Pose Estimation,https://arxiv.org/abs/arXiv:1805.04497
Synthesizing Images of Humans in Unseen Poses,https://arxiv.org/abs/arXiv:1804.07739
Detecting and Recognizing Human-Object Interactions,https://arxiv.org/abs/arXiv:1704.07333
Unsupervised Learning and Segmentation of Complex Activities From Video,https://arxiv.org/abs/arXiv:1803.09490
Unsupervised Training for 3D Morphable Model Regression,https://arxiv.org/abs/arXiv:1806.06098
Video Based Reconstruction of 3D People Models,https://arxiv.org/abs/arXiv:1803.04758
Seeing Voices and Hearing Faces: Cross-Modal Biometric Matching,https://arxiv.org/abs/arXiv:1804.00326
Learning Monocular 3D Human Pose Estimation From Multi-View Images,https://arxiv.org/abs/arXiv:1803.04775
Separating Style and Content for Generalized Style Transfer,https://arxiv.org/abs/arXiv:1711.06454
TextureGAN: Controlling Deep Image Synthesis With Texture Patches,https://arxiv.org/abs/arXiv:1706.02823
Connecting Pixels to Privacy and Utility: Automatic Redaction of Private Information in Images,https://arxiv.org/abs/arXiv:1712.01066
Accurate and Diverse Sampling of Sequences Based on a \"Best of Many\" Sample Objective,https://arxiv.org/abs/arXiv:1806.07772
VirtualHome: Simulating Household Activities via Programs,https://arxiv.org/abs/arXiv:1806.07011
Generate to Adapt: Aligning Domains Using Generative Adversarial Networks,https://arxiv.org/abs/arXiv:1704.01705
Multi-Agent Diverse Generative Adversarial Networks,https://arxiv.org/abs/arXiv:1704.02906
Large-Scale Distance Metric Learning With Uncertainty,https://arxiv.org/abs/arXiv:1805.10384
Guide Me: Interacting With Deep Networks,https://arxiv.org/abs/arXiv:1803.11544
Art of Singular Vectors and Universal Adversarial Perturbations,https://arxiv.org/abs/arXiv:1709.03582
Deflecting Adversarial Attacks With Pixel Deflection,https://arxiv.org/abs/arXiv:1801.08926
MovieGraphs: Towards Understanding Human-Centric Situations From Videos,https://arxiv.org/abs/arXiv:1712.06761
SemStyle: Learning to Generate Stylised Image Captions Using Unaligned Text,https://arxiv.org/abs/arXiv:1805.07030
Benchmarking 6DOF Outdoor Visual Localization in Changing Conditions,https://arxiv.org/abs/arXiv:1707.09092
IVQA: Inverse Visual Question Answering,https://arxiv.org/abs/arXiv:1710.03370
Learning Descriptor Networks for 3D Shape Synthesis and Analysis,https://arxiv.org/abs/arXiv:1804.00586
Neural Kinematic Networks for Unsupervised Motion Retargetting,https://arxiv.org/abs/arXiv:1804.05653
Learning Compositional Visual Concepts With Mutual Consistency,https://arxiv.org/abs/arXiv:1711.06148
NestedNet: Learning Nested Sparse Structures in Deep Neural Networks,https://arxiv.org/abs/arXiv:1712.03781
Context Embedding Networks,https://arxiv.org/abs/arXiv:1711.00227
Iterative Learning With Open-Set Noisy Labels,https://arxiv.org/abs/arXiv:1804.00092
Learning Transferable Architectures for Scalable Image Recognition,https://arxiv.org/abs/arXiv:1707.07012
SBNet: Sparse Blocks Network for Fast Inference,https://arxiv.org/abs/arXiv:1801.02108
Language-Based Image Editing With Recurrent Attentive Models,https://arxiv.org/abs/arXiv:1711.06288
Net2Vec: Quantifying and Explaining How Concepts Are Encoded by Filters in Deep Neural Networks,https://arxiv.org/abs/arXiv:1801.03454
End-to-End Dense Video Captioning With Masked Transformer,https://arxiv.org/abs/arXiv:1804.00819
A Neural Multi-Sequence Alignment TeCHnique (NeuMATCH),https://arxiv.org/abs/arXiv:1803.00057
Path Aggregation Network for Instance Segmentation,https://arxiv.org/abs/arXiv:1803.01534
The INaturalist Species Classification and Detection Dataset,https://arxiv.org/abs/arXiv:1707.06642
Multimodal Explanations: Justifying Decisions and Pointing to the Evidence,https://arxiv.org/abs/arXiv:1802.08129
StarGAN: Unified Generative Adversarial Networks for Multi-Domain Image-to-Image Translation,https://arxiv.org/abs/arXiv:1711.09020
High-Resolution Image Synthesis and Semantic Manipulation With Conditional GANs,https://arxiv.org/abs/arXiv:1711.11585
Semi-Parametric Image Synthesis,https://arxiv.org/abs/arXiv:1804.10992
BlockDrop: Dynamic Inference Paths in Residual Networks,https://arxiv.org/abs/arXiv:1711.08393
Interpretable Convolutional Neural Networks,https://arxiv.org/abs/arXiv:1807.10584
Deep Cross-Media Knowledge Transfer,https://arxiv.org/abs/arXiv:1803.03777
Interleaved Structured Sparse Convolutional Neural Networks,https://arxiv.org/abs/arXiv:1804.06202
A Variational U-Net for Conditional Appearance and Shape Generation,https://arxiv.org/abs/arXiv:1804.04694
Detach and Adapt: Learning Cross-Domain Disentangled Deep Representation,https://arxiv.org/abs/arXiv:1705.01314
Learning Deep Structured Active Contours End-to-End,https://arxiv.org/abs/arXiv:1803.06329
Deep Learning Under Privileged Information Using Heteroscedastic Dropout,https://arxiv.org/abs/arXiv:1805.11614
Smooth Neighbors on Teacher Graphs for Semi-Supervised Learning,https://arxiv.org/abs/arXiv:1711.00258
Deep Spatio-Temporal Random Fields for Efficient Video Segmentation,https://arxiv.org/abs/arXiv:1807.03148
Customized Image Narrative Generation via Interactive Visual Question Generation and Answering,https://arxiv.org/abs/arXiv:1805.00460
PWC-Net: CNNs for Optical Flow Using Pyramid,https://arxiv.org/abs/arXiv:1709.02371
Revisiting Deep Intrinsic Image Decompositions,https://arxiv.org/abs/arXiv:1701.02965
Learning Spatial-Aware Regressions for Visual Tracking,https://arxiv.org/abs/arXiv:1706.07457
LiteFlowNet: A Lightweight Convolutional Neural Network for Optical Flow Estimation,https://arxiv.org/abs/arXiv:1805.07036
VITAL: VIsual Tracking via Adversarial Learning,https://arxiv.org/abs/arXiv:1804.04273
Super SloMo: High Quality Estimation of Multiple Intermediate Frames for Video Interpolation,https://arxiv.org/abs/arXiv:1712.00080
Real-World Repetition Estimation by Div,https://arxiv.org/abs/arXiv:1802.09971
Recurrent Pixel Embedding for Instance Grouping,https://arxiv.org/abs/arXiv:1712.08273
Deep Unsupervised Saliency Detection: A Multiple Noisy Labeling Perspective,https://arxiv.org/abs/arXiv:1803.10910
Learning Intrinsic Image Decomposition From Watching the World,https://arxiv.org/abs/arXiv:1804.00582
TieNet: Text-Image Embedding Network for Common Thorax Disease Classification and Reporting in Chest X-Rays,https://arxiv.org/abs/arXiv:1801.04334
Generating Synthetic X-Ray Images of a Person From the Surface Geometry,https://arxiv.org/abs/arXiv:1805.00553
Feature Space Transfer for Data Augmentation,https://arxiv.org/abs/arXiv:1801.04356
Detail-Preserving Pooling in Deep Networks,https://arxiv.org/abs/arXiv:1804.04076
Rethinking Feature Distribution for Loss Functions in Image Classification,https://arxiv.org/abs/arXiv:1803.02988
Shift: A Zero FLOP,https://arxiv.org/abs/arXiv:1711.08141
Sketch-a-Classifier: Sketch-Based Photo Classifier Generation,https://arxiv.org/abs/arXiv:1804.11182
Learning Generative ConvNets via Multi-Grid Modeling and Sampling,https://arxiv.org/abs/arXiv:1709.08868
Learning Intelligent Dialogs for Bounding Box Annotation,https://arxiv.org/abs/arXiv:1712.08087
Boosting Adversarial Attacks With Momentum,https://arxiv.org/abs/arXiv:1710.06081
NISP: Pruning Networks Using Neuron Importance Score Propagation,https://arxiv.org/abs/arXiv:1711.05908
Tell Me Where to Look: Guided Attention Inference Network,https://arxiv.org/abs/arXiv:1802.10171
3D Semantic Segmentation With Submanifold Sparse Convolutional Networks,https://arxiv.org/abs/arXiv:1711.10275
TOM-Net: Learning Transparent Object Matting From a Single Image,https://arxiv.org/abs/arXiv:1803.04636
Translating and Segmenting Multimodal Medical Volumes With Cycle- and Shape-Consistency Generative Adversarial Network,https://arxiv.org/abs/arXiv:1802.09655
An Unsupervised Learning Model for Deformable Medical Image Registration,https://arxiv.org/abs/arXiv:1802.02604
Deep Lesion Graphs in the Wild: Relationship Learning and Organization of Significant Radiology Image Findings in a Diverse Large-Scale Lesion Database,https://arxiv.org/abs/arXiv:1711.10535
Learning Distributions of Shape Trajectories From Longitudinal Datasets: A Hierarchical Model on a Manifold of Diffeomorphisms,https://arxiv.org/abs/arXiv:1803.10119
3D Registration of Curves and Surfaces Using Local Differential Information,https://arxiv.org/abs/arXiv:1804.00637
Guided Proofreading of Automatic Segmentations for Connectomics,https://arxiv.org/abs/arXiv:1704.00848
Wide Compression: Tensor Ring Nets,https://arxiv.org/abs/arXiv:1802.09052
Improvements to Context Based Self-Supervised Learning,https://arxiv.org/abs/arXiv:1711.06379
Learning Structure and Strength of CNN Filters for Small Sample Size Training,https://arxiv.org/abs/arXiv:1803.11405
Boosting Self-Supervised Learning via Knowledge Transfer,https://arxiv.org/abs/arXiv:1805.00385
Learning Compact Recurrent Neural Networks With Block-Term Tensor Decomposition,https://arxiv.org/abs/arXiv:1712.05134
Spatially-Adaptive Filter Units for Deep Neural Networks,https://arxiv.org/abs/arXiv:1711.11473
SO-Net: Self-Organizing Network for Point Cloud Analysis,https://arxiv.org/abs/arXiv:1803.04249
SGAN: An Alternative Training of Generative Adversarial Networks,https://arxiv.org/abs/arXiv:1712.02330
SketchyGAN: Towards Diverse and Realistic Sketch to Image Synthesis,https://arxiv.org/abs/arXiv:1801.02753
Towards Universal Representation for Unseen Action Recognition,https://arxiv.org/abs/arXiv:1803.08460
Deep Image Prior,https://arxiv.org/abs/arXiv:1807.06920
ST-GAN: Spatial Transformer Generative Adversarial Networks for Image Compositing,https://arxiv.org/abs/arXiv:1803.01837
